"2008","10","10","07","00","00","1","Carolina","Florida"
"2008","10","10","07","00","00","1","New Jersey","NY Islanders"
"2008","10","10","07","00","00","1","Ny Rangers","Chicago"
"2008","10","10","07","30","00","1","Atlanta","Washington"
"2008","10","10","07","30","00","1","Buffalo","Montreal"
"2008","10","10","08","30","00","1","Dallas","Columbus"
"2008","10","10","08","30","00","1","St. Louis","Nashville"
"2008","10","11","07","00","00","1","Florida","Atlanta"
"2008","10","11","07","00","00","1","Ny Islanders","St. Louis"
"2008","10","11","07","00","00","1","Ottawa","Detroit"
"2008","10","11","07","00","00","1","Philadelphia","NY Rangers"
"2008","10","11","07","00","00","1","Toronto","Montreal"
"2008","10","11","07","00","00","1","Washington","Chicago"
"2008","10","11","07","30","00","1","Pittsburgh","New Jersey"
"2008","10","11","07","30","00","1","Tampa Bay","Carolina"
"2008","10","11","08","00","00","1","Nashville","Dallas"
"2008","10","11","08","30","00","1","Minnesota","Boston"
"2008","10","11","10","00","00","1","Calgary","Vancouver"
"2008","10","11","10","00","00","1","Phoenix","Columbus"
"2008","10","11","10","00","00","1","San Jose","Los Angeles"
"2008","10","12","08","00","00","1","Anaheim","Phoenix"
"2008","10","12","08","00","00","1","Edmonton","Colorado"
"2008","10","12","09","00","00","1","Los Angeles","San Jose"
"2008","10","13","01","00","00","1","Toronto","St. Louis"
"2008","10","13","02","00","00","1","Ny Islanders","Buffalo"
"2008","10","13","07","00","00","1","Carolina","Detroit"
"2008","10","13","07","00","00","1","Ny Rangers","New Jersey"
"2008","10","13","07","00","00","1","Philadelphia","Montreal"
"2008","10","13","07","00","00","1","Washington","Vancouver"
"2008","10","13","08","30","00","1","Chicago","Nashville"
"2008","10","14","07","00","00","1","Atlanta","Minnesota"
"2008","10","14","07","00","00","1","Pittsburgh","Philadelphia"
"2008","10","14","09","00","00","1","Calgary","Colorado"
"2008","10","14","10","30","00","1","Los Angeles","Anaheim"
"2008","10","14","10","30","00","1","San Jose","Columbus"
"2008","10","15","07","00","00","1","Ny Rangers","Buffalo"
"2008","10","15","07","30","00","1","Montreal","Boston"
"2008","10","15","08","30","00","1","Chicago","Phoenix"
"2008","10","15","08","30","00","1","Dallas","Nashville"
"2008","10","15","10","00","00","1","Anaheim","Edmonton"
"2008","10","16","07","00","00","1","Atlanta","New Jersey"
"2008","10","16","07","30","00","1","Detroit","Vancouver"
"2008","10","16","07","30","00","1","Florida","Minnesota"
"2008","10","16","07","30","00","1","Pittsburgh","Washington"
"2008","10","16","07","30","00","1","Tampa Bay","NY Islanders"
"2008","10","16","08","30","00","1","St. Louis","Dallas"
"2008","10","16","09","00","00","1","Colorado","Philadelphia"
"2008","10","17","07","00","00","1","Columbus","Nashville"
"2008","10","17","07","00","00","1","Ny Rangers","Toronto"
"2008","10","17","07","00","00","1","Ottawa","Phoenix"
"2008","10","17","07","30","00","1","Buffalo","Vancouver"
"2008","10","17","09","00","00","1","Calgary","Edmonton"
"2008","10","17","10","00","00","1","Anaheim","San Jose"
"2008","10","17","10","30","00","1","Los Angeles","Carolina"
"2008","10","18","03","00","00","1","Dallas","Colorado"
"2008","10","18","07","00","00","1","Atlanta","Buffalo"
"2008","10","18","07","00","00","1","Detroit","NY Rangers"
"2008","10","18","07","00","00","1","Florida","NY Islanders"
"2008","10","18","07","00","00","1","Montreal","Phoenix"
"2008","10","18","07","00","00","1","Ottawa","Boston"
"2008","10","18","07","00","00","1","Pittsburgh","Toronto"
"2008","10","18","07","00","00","1","Washington","New Jersey"
"2008","10","18","07","30","00","1","Tampa Bay","Minnesota"
"2008","10","18","08","00","00","1","Nashville","Columbus"
"2008","10","18","08","30","00","1","St. Louis","Chicago"
"2008","10","18","10","00","00","1","Edmonton","Calgary"
"2008","10","18","10","30","00","1","San Jose","Philadelphia"
"2008","10","19","07","00","00","1","Chicago","Vancouver"
"2008","10","19","08","00","00","1","Anaheim","Carolina"
"2008","10","20","07","00","00","1","Boston","Pittsburgh"
"2008","10","20","07","00","00","1","Ny Rangers","Dallas"
"2008","10","20","07","30","00","1","Montreal","Florida"
"2008","10","20","10","30","00","1","Los Angeles","Colorado"
"2008","10","21","07","00","00","1","Buffalo","Boston"
"2008","10","21","07","00","00","1","Columbus","Vancouver"
"2008","10","21","07","00","00","1","Toronto","Anaheim"
"2008","10","21","07","30","00","1","Tampa Bay","Atlanta"
"2008","10","21","09","30","00","1","Calgary","Washington"
"2008","10","22","07","00","00","1","New Jersey","Dallas"
"2008","10","22","07","00","00","1","Ottawa","Florida"
"2008","10","22","07","00","00","1","Philadelphia","San Jose"
"2008","10","22","08","30","00","1","St. Louis","Detroit"
"2008","10","22","09","00","00","1","Chicago","Edmonton"
"2008","10","23","07","00","00","1","Boston","Toronto"
"2008","10","23","07","00","00","1","Ny Islanders","Dallas"
"2008","10","23","07","30","00","1","Pittsburgh","Carolina"
"2008","10","23","08","00","00","1","Minnesota","Buffalo"
"2008","10","23","08","00","00","1","Nashville","Calgary"
"2008","10","23","09","30","00","1","Colorado","Edmonton"
"2008","10","23","10","00","00","1","Phoenix","Washington"
"2008","10","24","07","00","00","1","Columbus","NY Rangers"
"2008","10","24","07","00","00","1","New Jersey","Philadelphia"
"2008","10","24","07","00","00","1","Ottawa","Anaheim"
"2008","10","24","07","30","00","1","Detroit","Atlanta"
"2008","10","24","07","30","00","1","Florida","San Jose"
"2008","10","24","08","30","00","1","St. Louis","Los Angeles"
"2008","10","25","07","00","00","1","Boston","Atlanta"
"2008","10","25","07","00","00","1","Montreal","Anaheim"
"2008","10","25","07","00","00","1","Ny Islanders","Carolina"
"2008","10","25","07","00","00","1","Ny Rangers","Pittsburgh"
"2008","10","25","07","00","00","1","Philadelphia","New Jersey"
"2008","10","25","07","00","00","1","Toronto","Ottawa"
"2008","10","25","07","30","00","1","Tampa Bay","San Jose"
"2008","10","25","08","00","00","1","Dallas","Washington"
"2008","10","25","08","00","00","1","Minnesota","Columbus"
"2008","10","25","08","00","00","1","Nashville","Los Angeles"
"2008","10","25","08","30","00","1","Chicago","Detroit"
"2008","10","25","08","30","00","1","St. Louis","Florida"
"2008","10","25","09","00","00","1","Colorado","Buffalo"
"2008","10","25","10","00","00","1","Phoenix","Calgary"
"2008","10","25","10","00","00","1","Vancouver","Edmonton"
"2008","10","27","07","00","00","1","Buffalo","Ottawa"
"2008","10","27","07","00","00","1","Columbus","Anaheim"
"2008","10","27","07","00","00","1","Ny Islanders","NY Rangers"
"2008","10","27","08","00","00","1","Minnesota","Chicago"
"2008","10","27","09","00","00","1","Edmonton","Boston"
"2008","10","27","10","30","00","1","Los Angeles","Detroit"
"2008","10","28","07","00","00","1","Atlanta","Philadelphia"
"2008","10","28","07","00","00","1","Washington","Nashville"
"2008","10","28","07","30","00","1","Montreal","Carolina"
"2008","10","28","07","30","00","1","Toronto","Tampa Bay"
"2008","10","28","09","00","00","1","Calgary","Colorado"
"2008","10","28","10","00","00","1","Vancouver","Boston"
"2008","10","28","10","30","00","1","San Jose","Pittsburgh"
"2008","10","29","07","30","00","1","New Jersey","Toronto"
"2008","10","29","08","30","00","1","Dallas","Minnesota"
"2008","10","29","10","00","00","1","Anaheim","Detroit"
"2008","10","30","07","00","00","1","Buffalo","Tampa Bay"
"2008","10","30","07","00","00","1","Ny Rangers","Atlanta"
"2008","10","30","07","00","00","1","Philadelphia","NY Islanders"
"2008","10","30","07","30","00","1","Florida","Ottawa"
"2008","10","30","08","00","00","1","Minnesota","Montreal"
"2008","10","30","08","00","00","1","Nashville","Edmonton"
"2008","10","30","08","30","00","1","St. Louis","Carolina"
"2008","10","30","09","00","00","1","Calgary","Boston"
"2008","10","30","09","00","00","1","Colorado","Columbus"
"2008","10","30","10","00","00","1","Phoenix","Pittsburgh"
"2008","10","30","10","30","00","1","Los Angeles","Vancouver"
"2008","10","30","10","30","00","1","San Jose","Detroit"
"2008","10","31","08","30","00","1","Chicago","Dallas"
"2008","10","31","10","00","00","1","Anaheim","Vancouver"
"2008","11","02","01","00","00","0","Philadelphia","Edmonton"
"2008","11","02","05","00","00","0","Atlanta","Florida"
"2008","11","02","05","00","00","0","Carolina","Toronto"
"2008","11","02","08","00","00","0","Anaheim","Calgary"
"2008","11","02","08","00","00","0","Colorado","San Jose"
"2008","11","02","10","00","00","0","Vancouver","Detroit"
"2008","11","03","07","00","00","0","New Jersey","Buffalo"
"2008","11","03","07","00","00","0","Ny Islanders","Columbus"
"2008","11","03","08","30","00","0","Chicago","Colorado"
"2008","11","04","07","00","00","0","Ny Rangers","NY Islanders"
"2008","11","04","07","30","00","0","Ottawa","Washington"
"2008","11","04","07","30","00","0","Toronto","Carolina"
"2008","11","04","09","00","00","0","Calgary","Phoenix"
"2008","11","04","10","00","00","0","Vancouver","Nashville"
"2008","11","04","10","30","00","0","Los Angeles","Anaheim"
"2008","11","04","10","30","00","0","San Jose","Minnesota"
"2008","11","05","07","00","00","0","New Jersey","Tampa Bay"
"2008","11","05","07","30","00","0","Columbus","Edmonton"
"2008","11","05","10","00","00","0","Anaheim","St. Louis"
"2008","11","06","07","00","00","0","Atlanta","NY Islanders"
"2008","11","06","07","00","00","0","Boston","Toronto"
"2008","11","06","07","00","00","0","Ny Rangers","Tampa Bay"
"2008","11","06","07","00","00","0","Washington","Carolina"
"2008","11","06","07","30","00","0","Ottawa","Philadelphia"
"2008","11","06","07","30","00","0","Pittsburgh","Edmonton"
"2008","11","06","09","00","00","0","Colorado","Minnesota"
"2008","11","06","09","30","00","0","Calgary","Nashville"
"2008","11","06","10","00","00","0","Vancouver","Phoenix"
"2008","11","06","10","30","00","0","Los Angeles","Florida"
"2008","11","06","10","30","00","0","San Jose","St. Louis"
"2008","11","07","07","00","00","0","Carolina","Ottawa"
"2008","11","07","07","00","00","0","Columbus","Montreal"
"2008","11","07","07","30","00","0","Buffalo","Atlanta"
"2008","11","07","10","00","00","0","Anaheim","Dallas"
"2008","11","08","07","00","00","0","Boston","Buffalo"
"2008","11","08","07","00","00","0","Columbus","Calgary"
"2008","11","08","07","00","00","0","Detroit","New Jersey"
"2008","11","08","07","00","00","0","Ny Islanders","Pittsburgh"
"2008","11","08","07","00","00","0","Philadelphia","Tampa Bay"
"2008","11","08","07","00","00","0","Toronto","Montreal"
"2008","11","08","07","00","00","0","Washington","NY Rangers"
"2008","11","08","09","00","00","0","Colorado","Nashville"
"2008","11","08","09","00","00","0","Phoenix","Florida"
"2008","11","08","10","00","00","0","San Jose","Dallas"
"2008","11","08","10","00","00","0","Vancouver","Minnesota"
"2008","11","08","10","30","00","0","Los Angeles","St. Louis"
"2008","11","09","03","00","00","0","Carolina","Atlanta"
"2008","11","09","07","00","00","0","Chicago","Calgary"
"2008","11","09","07","00","00","0","New Jersey","Edmonton"
"2008","11","09","08","00","00","0","Anaheim","Florida"
"2008","11","09","08","00","00","0","Phoenix","San Jose"
"2008","11","01","03","00","00","0","Carolina","Edmonton"
"2008","11","01","07","00","00","0","Boston","Dallas"
"2008","11","01","07","00","00","0","Buffalo","Washington"
"2008","11","01","07","00","00","0","Columbus","Chicago"
"2008","11","01","07","00","00","0","New Jersey","Atlanta"
"2008","11","01","07","00","00","0","Ny Islanders","Montreal"
"2008","11","01","07","00","00","0","Toronto","NY Rangers"
"2008","11","01","07","30","00","0","Tampa Bay","Ottawa"
"2008","11","01","08","00","00","0","Nashville","Florida"
"2008","11","01","08","30","00","0","St. Louis","Pittsburgh"
"2008","11","01","10","00","00","0","Los Angeles","Calgary"
"2008","11","01","10","00","00","0","Phoenix","Minnesota"
"2008","11","10","07","00","00","0","Ny Rangers","Edmonton"
"2008","11","10","07","00","00","0","Washington","Tampa Bay"
"2008","11","11","02","00","00","0","Ny Islanders","Philadelphia"
"2008","11","11","07","00","00","0","Detroit","Pittsburgh"
"2008","11","11","07","30","00","0","Montreal","Ottawa"
"2008","11","11","09","00","00","0","Calgary","Toronto"
"2008","11","11","10","30","00","0","Los Angeles","Dallas"
"2008","11","11","10","30","00","0","San Jose","Nashville"
"2008","11","12","07","00","00","0","Buffalo","St. Louis"
"2008","11","12","07","00","00","0","Carolina","Washington"
"2008","11","12","07","00","00","0","Columbus","Phoenix"
"2008","11","12","07","00","00","0","New Jersey","NY Rangers"
"2008","11","12","07","30","00","0","Florida","Tampa Bay"
"2008","11","12","08","30","00","0","Chicago","Boston"
"2008","11","12","10","00","00","0","Vancouver","Colorado"
"2008","11","13","07","00","00","0","Boston","Montreal"
"2008","11","13","07","30","00","0","Ottawa","NY Islanders"
"2008","11","13","07","30","00","0","Pittsburgh","Philadelphia"
"2008","11","13","07","30","00","0","Tampa Bay","Detroit"
"2008","11","13","08","00","00","0","Minnesota","Phoenix"
"2008","11","13","08","30","00","0","Dallas","Los Angeles"
"2008","11","13","09","00","00","0","Edmonton","Toronto"
"2008","11","13","10","30","00","0","San Jose","Calgary"
"2008","11","14","07","00","00","0","Washington","New Jersey"
"2008","11","14","07","30","00","0","Atlanta","Carolina"
"2008","11","14","07","30","00","0","Buffalo","Columbus"
"2008","11","14","07","30","00","0","Florida","Detroit"
"2008","11","14","08","30","00","0","Chicago","St. Louis"
"2008","11","14","10","00","00","0","Anaheim","Nashville"
"2008","11","15","07","00","00","0","Montreal","Philadelphia"
"2008","11","15","07","00","00","0","New Jersey","Washington"
"2008","11","15","07","00","00","0","Ny Islanders","Ottawa"
"2008","11","15","07","00","00","0","Ny Rangers","Boston"
"2008","11","15","07","00","00","0","Vancouver","Toronto"
"2008","11","15","07","30","00","0","Pittsburgh","Buffalo"
"2008","11","15","08","00","00","0","Minnesota","Columbus"
"2008","11","15","09","00","00","0","Phoenix","Dallas"
"2008","11","15","10","00","00","0","Edmonton","Colorado"
"2008","11","15","10","30","00","0","Los Angeles","Nashville"
"2008","11","16","03","00","00","0","Carolina","Tampa Bay"
"2008","11","16","06","00","00","0","St. Louis","Montreal"
"2008","11","16","07","00","00","0","Chicago","San Jose"
"2008","11","16","07","00","00","0","Philadelphia","Atlanta"
"2008","11","16","08","00","00","0","Anaheim","Los Angeles"
"2008","11","17","07","00","00","0","Ny Islanders","Vancouver"
"2008","11","17","07","00","00","0","Ny Rangers","Ottawa"
"2008","11","17","07","30","00","0","Detroit","Edmonton"
"2008","11","17","07","30","00","0","Toronto","Boston"
"2008","11","17","08","00","00","0","Nashville","San Jose"
"2008","11","18","07","00","00","0","Carolina","Montreal"
"2008","11","18","07","00","00","0","Columbus","Edmonton"
"2008","11","18","07","00","00","0","Pittsburgh","Minnesota"
"2008","11","18","07","30","00","0","Tampa Bay","Florida"
"2008","11","18","09","00","00","0","Phoenix","Chicago"
"2008","11","18","09","30","00","0","Calgary","Colorado"
"2008","11","19","07","00","00","0","Boston","Buffalo"
"2008","11","19","07","30","00","0","Ny Rangers","Vancouver"
"2008","11","19","10","00","00","0","Anaheim","Washington"
"2008","11","20","07","00","00","0","Atlanta","Pittsburgh"
"2008","11","20","07","00","00","0","New Jersey","Florida"
"2008","11","20","07","30","00","0","Ottawa","Montreal"
"2008","11","20","08","00","00","0","Minnesota","Vancouver"
"2008","11","20","08","30","00","0","Dallas","Chicago"
"2008","11","20","09","00","00","0","Colorado","Calgary"
"2008","11","20","09","00","00","0","Edmonton","Detroit"
"2008","11","20","10","30","00","0","Los Angeles","Washington"
"2008","11","21","07","00","00","0","Boston","Florida"
"2008","11","21","07","00","00","0","Carolina","Phoenix"
"2008","11","21","07","00","00","0","New Jersey","NY Islanders"
"2008","11","21","07","30","00","0","Buffalo","Philadelphia"
"2008","11","21","07","30","00","0","Tampa Bay","Nashville"
"2008","11","21","08","30","00","0","St. Louis","Anaheim"
"2008","11","22","01","00","00","0","Pittsburgh","Vancouver"
"2008","11","22","03","00","00","0","Ottawa","NY Rangers"
"2008","11","22","07","00","00","0","Atlanta","Columbus"
"2008","11","22","07","00","00","0","Buffalo","NY Islanders"
"2008","11","22","07","00","00","0","Montreal","Boston"
"2008","11","22","07","00","00","0","Philadelphia","Phoenix"
"2008","11","22","07","00","00","0","Toronto","Chicago"
"2008","11","22","08","00","00","0","Dallas","Anaheim"
"2008","11","22","08","00","00","0","Minnesota","St. Louis"
"2008","11","22","10","00","00","0","Calgary","Detroit"
"2008","11","22","10","30","00","0","Los Angeles","Colorado"
"2008","11","22","10","30","00","0","San Jose","Washington"
"2008","11","23","03","00","00","0","Carolina","Nashville"
"2008","11","23","05","00","00","0","Tampa Bay","New Jersey"
"2008","11","24","07","00","00","0","Ny Rangers","Phoenix"
"2008","11","24","07","00","00","0","Philadelphia","Dallas"
"2008","11","24","07","30","00","0","Florida","Carolina"
"2008","11","24","07","30","00","0","Montreal","NY Islanders"
"2008","11","24","08","00","00","0","Minnesota","Washington"
"2008","11","24","10","00","00","0","Anaheim","Colorado"
"2008","11","24","10","00","00","0","Vancouver","Detroit"
"2008","11","25","07","00","00","0","Nashville","St. Louis"
"2008","11","25","07","30","00","0","Toronto","Atlanta"
"2008","11","25","09","00","00","0","Calgary","Los Angeles"
"2008","11","26","07","00","00","0","Buffalo","Boston"
"2008","11","26","07","00","00","0","Carolina","Philadelphia"
"2008","11","26","07","00","00","0","Columbus","Phoenix"
"2008","11","26","07","00","00","0","Ny Islanders","Pittsburgh"
"2008","11","26","07","00","00","0","Washington","Atlanta"
"2008","11","26","07","30","00","0","Detroit","Montreal"
"2008","11","26","07","30","00","0","Florida","New Jersey"
"2008","11","26","07","30","00","0","Tampa Bay","NY Rangers"
"2008","11","26","08","00","00","0","Minnesota","Dallas"
"2008","11","26","09","00","00","0","Colorado","St. Louis"
"2008","11","26","10","00","00","0","Edmonton","Los Angeles"
"2008","11","26","10","30","00","0","San Jose","Chicago"
"2008","11","27","07","30","00","0","Ottawa","Toronto"
"2008","11","27","10","00","00","0","Vancouver","Calgary"
"2008","11","28","01","00","00","0","Philadelphia","Carolina"
"2008","11","28","02","00","00","0","Minnesota","Tampa Bay"
"2008","11","28","04","00","00","0","Anaheim","Chicago"
"2008","11","28","04","00","00","0","Phoenix","Colorado"
"2008","11","28","07","00","00","0","Washington","Montreal"
"2008","11","28","07","30","00","0","Atlanta","Nashville"
"2008","11","28","07","30","00","0","Buffalo","Pittsburgh"
"2008","11","28","07","30","00","0","Detroit","Columbus"
"2008","11","28","07","30","00","0","Florida","NY Rangers"
"2008","11","28","08","30","00","0","Dallas","San Jose"
"2008","11","28","12","00","00","0","Boston","NY Islanders"
"2008","11","29","02","00","00","0","St. Louis","Edmonton"
"2008","11","29","04","00","00","0","Los Angeles","Chicago"
"2008","11","29","07","00","00","0","Boston","Detroit"
"2008","11","29","07","00","00","0","Columbus","Washington"
"2008","11","29","07","00","00","0","Montreal","Buffalo"
"2008","11","29","07","00","00","0","Ny Islanders","Ottawa"
"2008","11","29","07","00","00","0","Toronto","Philadelphia"
"2008","11","29","07","30","00","0","Pittsburgh","New Jersey"
"2008","11","29","08","00","00","0","Nashville","Minnesota"
"2008","11","29","09","00","00","0","Colorado","Tampa Bay"
"2008","11","29","09","00","00","0","Phoenix","San Jose"
"2008","11","29","10","00","00","0","Calgary","Vancouver"
"2008","11","30","01","00","00","0","Ny Rangers","Florida"
"2008","11","30","03","00","00","0","Atlanta","St. Louis"
"2008","11","30","06","00","00","0","Dallas","Edmonton"
"2008","11","30","07","00","00","0","Carolina","Anaheim"
"2008","12","02","07","00","00","0","Philadelphia","Tampa Bay"
"2008","12","02","07","00","00","0","Washington","Florida"
"2008","12","02","07","30","00","0","Montreal","Atlanta"
"2008","12","02","09","00","00","0","Calgary","Dallas"
"2008","12","02","09","00","00","0","Phoenix","Los Angeles"
"2008","12","02","10","30","00","0","San Jose","Toronto"
"2008","12","03","07","00","00","0","Ny Rangers","Pittsburgh"
"2008","12","03","07","00","00","0","Ottawa","Atlanta"
"2008","12","03","08","00","00","0","Minnesota","St. Louis"
"2008","12","03","08","30","00","0","Chicago","Anaheim"
"2008","12","03","09","30","00","0","Edmonton","Dallas"
"2008","12","04","07","00","00","0","Carolina","Pittsburgh"
"2008","12","04","07","00","00","0","Montreal","NY Rangers"
"2008","12","04","07","00","00","0","Philadelphia","New Jersey"
"2008","12","04","07","00","00","0","Washington","NY Islanders"
"2008","12","04","07","30","00","0","Detroit","Vancouver"
"2008","12","04","07","30","00","0","Florida","Buffalo"
"2008","12","04","07","30","00","0","Tampa Bay","Boston"
"2008","12","04","08","00","00","0","Nashville","Colorado"
"2008","12","04","09","00","00","0","Phoenix","Toronto"
"2008","12","04","10","30","00","0","San Jose","Columbus"
"2008","12","05","08","00","00","0","Minnesota","Vancouver"
"2008","12","05","08","30","00","0","Dallas","Colorado"
"2008","12","05","08","30","00","0","St. Louis","Calgary"
"2008","12","05","10","30","00","0","Los Angeles","Edmonton"
"2008","12","06","07","00","00","0","Carolina","Philadelphia"
"2008","12","06","07","00","00","0","Detroit","Chicago"
"2008","12","06","07","00","00","0","Florida","Boston"
"2008","12","06","07","00","00","0","Montreal","New Jersey"
"2008","12","06","07","00","00","0","Ny Islanders","Atlanta"
"2008","12","06","07","00","00","0","Ottawa","Pittsburgh"
"2008","12","06","07","00","00","0","Toronto","Washington"
"2008","12","06","07","30","00","0","Tampa Bay","Buffalo"
"2008","12","06","08","00","00","0","Nashville","Minnesota"
"2008","12","06","08","30","00","0","St. Louis","Phoenix"
"2008","12","06","10","00","00","0","San Jose","Edmonton"
"2008","12","06","10","30","00","0","Los Angeles","Columbus"
"2008","12","07","05","00","00","0","Carolina","Washington"
"2008","12","07","07","00","00","0","Chicago","Phoenix"
"2008","12","07","07","00","00","0","Ny Rangers","Calgary"
"2008","12","07","08","00","00","0","Anaheim","Columbus"
"2008","12","07","08","00","00","0","Colorado","Vancouver"
"2008","12","08","07","00","00","0","Boston","Tampa Bay"
"2008","12","08","07","30","00","0","Ottawa","Florida"
"2008","12","08","07","30","00","0","Pittsburgh","Buffalo"
"2008","12","08","07","30","00","0","Toronto","NY Islanders"
"2008","12","08","08","30","00","0","St. Louis","Nashville"
"2008","12","09","07","00","00","0","Philadelphia","NY Islanders"
"2008","12","09","07","30","00","0","Montreal","Calgary"
"2008","12","09","08","00","00","0","Nashville","Vancouver"
"2008","12","09","09","30","00","0","Colorado","Los Angeles"
"2008","12","01","07","00","00","0","Buffalo","Nashville"
"2008","12","01","07","00","00","0","Columbus","Vancouver"
"2008","12","01","07","30","00","0","Detroit","Anaheim"
"2008","12","01","08","00","00","0","Minnesota","Colorado"
"2008","12","01","10","30","00","0","Los Angeles","Toronto"
"2008","12","10","07","00","00","0","Atlanta","NY Rangers"
"2008","12","10","07","00","00","0","Buffalo","Tampa Bay"
"2008","12","10","07","00","00","0","New Jersey","Pittsburgh"
"2008","12","10","07","00","00","0","Washington","Boston"
"2008","12","10","07","30","00","0","Detroit","Calgary"
"2008","12","10","08","30","00","0","Chicago","Ottawa"
"2008","12","10","08","30","00","0","Dallas","Phoenix"
"2008","12","10","09","00","00","0","Colorado","Los Angeles"
"2008","12","10","10","00","00","0","Anaheim","St. Louis"
"2008","12","11","07","00","00","0","Columbus","Nashville"
"2008","12","11","07","00","00","0","Philadelphia","Carolina"
"2008","12","11","07","30","00","0","Montreal","Tampa Bay"
"2008","12","11","07","30","00","0","Pittsburgh","NY Islanders"
"2008","12","11","09","00","00","0","Edmonton","Florida"
"2008","12","11","09","00","00","0","Phoenix","Minnesota"
"2008","12","11","10","30","00","0","Los Angeles","St. Louis"
"2008","12","11","10","30","00","0","San Jose","Anaheim"
"2008","12","12","07","00","00","0","New Jersey","NY Rangers"
"2008","12","12","07","00","00","0","Washington","Ottawa"
"2008","12","12","07","30","00","0","Atlanta","Boston"
"2008","12","12","07","30","00","0","Buffalo","Toronto"
"2008","12","12","08","30","00","0","Dallas","Detroit"
"2008","12","12","09","00","00","0","Calgary","Florida"
"2008","12","12","09","00","00","0","Colorado","Chicago"
"2008","12","13","01","00","00","0","Philadelphia","Pittsburgh"
"2008","12","13","04","00","00","0","Los Angeles","Minnesota"
"2008","12","13","07","00","00","0","Boston","Atlanta"
"2008","12","13","07","00","00","0","Columbus","NY Islanders"
"2008","12","13","07","00","00","0","Montreal","Washington"
"2008","12","13","07","00","00","0","New Jersey","Buffalo"
"2008","12","13","07","00","00","0","Ny Rangers","Carolina"
"2008","12","13","07","00","00","0","Ottawa","Tampa Bay"
"2008","12","13","08","00","00","0","Nashville","Dallas"
"2008","12","13","09","00","00","0","Phoenix","Detroit"
"2008","12","13","10","00","00","0","Edmonton","Vancouver"
"2008","12","13","10","30","00","0","San Jose","St. Louis"
"2008","12","14","07","00","00","0","Chicago","Columbus"
"2008","12","14","08","00","00","0","Anaheim","Minnesota"
"2008","12","14","10","00","00","0","Vancouver","Florida"
"2008","12","15","07","00","00","0","Detroit","Colorado"
"2008","12","15","10","30","00","0","Los Angeles","San Jose"
"2008","12","16","07","00","00","0","Carolina","Montreal"
"2008","12","16","07","00","00","0","Ny Islanders","Washington"
"2008","12","16","07","00","00","0","Philadelphia","Colorado"
"2008","12","16","07","30","00","0","Ottawa","Atlanta"
"2008","12","16","07","30","00","0","Toronto","New Jersey"
"2008","12","16","08","30","00","0","Dallas","Phoenix"
"2008","12","16","08","30","00","0","St. Louis","Calgary"
"2008","12","16","09","00","00","0","Edmonton","Chicago"
"2008","12","16","10","00","00","0","Anaheim","NY Rangers"
"2008","12","17","07","00","00","0","Buffalo","New Jersey"
"2008","12","17","07","00","00","0","Columbus","San Jose"
"2008","12","17","08","00","00","0","Minnesota","Calgary"
"2008","12","17","10","00","00","0","Vancouver","Edmonton"
"2008","12","17","10","30","00","0","Los Angeles","NY Rangers"
"2008","12","18","07","00","00","0","Atlanta","Pittsburgh"
"2008","12","18","07","00","00","0","Boston","Toronto"
"2008","12","18","07","00","00","0","Carolina","Florida"
"2008","12","18","07","00","00","0","Washington","St. Louis"
"2008","12","18","07","30","00","0","Detroit","San Jose"
"2008","12","18","07","30","00","0","Montreal","Philadelphia"
"2008","12","18","07","30","00","0","Tampa Bay","Colorado"
"2008","12","18","08","30","00","0","Dallas","Columbus"
"2008","12","18","09","00","00","0","Phoenix","Nashville"
"2008","12","19","07","00","00","0","New Jersey","Ottawa"
"2008","12","19","07","30","00","0","Buffalo","Los Angeles"
"2008","12","19","08","00","00","0","Minnesota","NY Islanders"
"2008","12","19","09","00","00","0","Calgary","Chicago"
"2008","12","19","09","00","00","0","Edmonton","Anaheim"
"2008","12","20","01","00","00","0","Boston","Carolina"
"2008","12","20","01","00","00","0","Philadelphia","Washington"
"2008","12","20","07","00","00","0","Atlanta","Tampa Bay"
"2008","12","20","07","00","00","0","Detroit","Los Angeles"
"2008","12","20","07","00","00","0","Montreal","Buffalo"
"2008","12","20","07","00","00","0","Ottawa","Dallas"
"2008","12","20","07","00","00","0","Pittsburgh","Toronto"
"2008","12","20","08","00","00","0","Nashville","NY Islanders"
"2008","12","20","08","30","00","0","St. Louis","Minnesota"
"2008","12","20","09","00","00","0","Phoenix","Columbus"
"2008","12","20","10","00","00","0","Vancouver","Chicago"
"2008","12","20","10","30","00","0","San Jose","NY Rangers"
"2008","12","21","01","00","00","0","New Jersey","Philadelphia"
"2008","12","21","05","00","00","0","Florida","Colorado"
"2008","12","21","06","00","00","0","St. Louis","Boston"
"2008","12","21","07","00","00","0","Montreal","Carolina"
"2008","12","22","07","00","00","0","Atlanta","Toronto"
"2008","12","22","07","00","00","0","Buffalo","Pittsburgh"
"2008","12","22","09","00","00","0","Edmonton","Phoenix"
"2008","12","22","10","00","00","0","Vancouver","Anaheim"
"2008","12","23","07","00","00","0","Columbus","Los Angeles"
"2008","12","23","07","00","00","0","New Jersey","Boston"
"2008","12","23","07","00","00","0","Ny Islanders","Atlanta"
"2008","12","23","07","00","00","0","Ny Rangers","Washington"
"2008","12","23","07","00","00","0","Philadelphia","Ottawa"
"2008","12","23","07","30","00","0","Detroit","St. Louis"
"2008","12","23","07","30","00","0","Florida","Nashville"
"2008","12","23","07","30","00","0","Pittsburgh","Tampa Bay"
"2008","12","23","07","30","00","0","Toronto","Dallas"
"2008","12","23","08","00","00","0","Minnesota","Carolina"
"2008","12","23","09","00","00","0","Calgary","Anaheim"
"2008","12","23","09","00","00","0","Colorado","Phoenix"
"2008","12","23","10","00","00","0","San Jose","Vancouver"
"2008","12","26","07","00","00","0","New Jersey","Pittsburgh"
"2008","12","26","07","00","00","0","Ny Islanders","Toronto"
"2008","12","26","07","00","00","0","Washington","Buffalo"
"2008","12","26","07","30","00","0","Atlanta","Carolina"
"2008","12","26","07","30","00","0","Florida","Tampa Bay"
"2008","12","26","08","00","00","0","Nashville","Detroit"
"2008","12","26","08","30","00","0","Chicago","Philadelphia"
"2008","12","26","10","00","00","0","Vancouver","Edmonton"
"2008","12","26","10","30","00","0","Los Angeles","Phoenix"
"2008","12","27","07","00","00","0","Buffalo","NY Islanders"
"2008","12","27","07","00","00","0","Carolina","Boston"
"2008","12","27","07","00","00","0","Columbus","Philadelphia"
"2008","12","27","07","00","00","0","Pittsburgh","Montreal"
"2008","12","27","07","30","00","0","Ny Rangers","New Jersey"
"2008","12","27","07","30","00","0","Tampa Bay","Florida"
"2008","12","27","08","00","00","0","Dallas","Anaheim"
"2008","12","27","08","30","00","0","St. Louis","San Jose"
"2008","12","27","09","00","00","0","Colorado","Detroit"
"2008","12","27","09","00","00","0","Phoenix","Los Angeles"
"2008","12","27","10","00","00","0","Calgary","Ottawa"
"2008","12","28","05","00","00","0","Atlanta","Boston"
"2008","12","28","06","00","00","0","Minnesota","Chicago"
"2008","12","28","06","00","00","0","St. Louis","Anaheim"
"2008","12","28","07","00","00","0","Washington","Toronto"
"2008","12","28","08","00","00","0","Edmonton","Nashville"
"2008","12","28","10","00","00","0","Vancouver","Ottawa"
"2008","12","29","07","00","00","0","Ny Rangers","NY Islanders"
"2008","12","29","07","30","00","0","Florida","Montreal"
"2008","12","29","08","30","00","0","Dallas","San Jose"
"2008","12","29","09","00","00","0","Calgary","Minnesota"
"2008","12","29","09","00","00","0","Colorado","Nashville"
"2008","12","29","10","30","00","0","Los Angeles","Columbus"
"2008","12","30","07","00","00","0","Buffalo","Washington"
"2008","12","30","07","30","00","0","Detroit","Chicago"
"2008","12","30","07","30","00","0","Pittsburgh","Boston"
"2008","12","30","07","30","00","0","Tampa Bay","Montreal"
"2008","12","30","07","30","00","0","Toronto","Atlanta"
"2008","12","30","08","30","00","0","St. Louis","New Jersey"
"2008","12","30","09","00","00","0","Edmonton","Ottawa"
"2008","12","30","10","00","00","0","Vancouver","Philadelphia"
"2008","12","31","02","00","00","0","Ny Islanders","Florida"
"2008","12","31","06","00","00","0","Minnesota","San Jose"
"2008","12","31","08","00","00","0","Carolina","Atlanta"
"2008","12","31","08","00","00","0","Phoenix","Colorado"
"2008","12","31","08","30","00","0","Dallas","New Jersey"
"2008","12","31","09","00","00","0","Anaheim","Columbus"
"2008","12","31","10","00","00","0","Calgary","Edmonton"
"2009","01","02","07","00","00","0","Carolina","St. Louis"
"2009","01","02","07","00","00","0","New Jersey","Montreal"
"2009","01","02","07","30","00","0","Atlanta","Vancouver"
"2009","01","02","09","00","00","0","Colorado","Columbus"
"2009","01","02","09","00","00","0","Phoenix","NY Islanders"
"2009","01","02","10","00","00","0","Anaheim","Philadelphia"
"2009","01","03","01","00","00","0","Boston","Buffalo"
"2009","01","03","01","00","00","0","Pittsburgh","Florida"
"2009","01","03","03","00","00","0","Nashville","Calgary"
"2009","01","03","07","00","00","0","Toronto","Ottawa"
"2009","01","03","07","00","00","0","Washington","NY Rangers"
"2009","01","03","07","30","00","0","Tampa Bay","Carolina"
"2009","01","03","08","00","00","0","Minnesota","Detroit"
"2009","01","03","08","30","00","0","St. Louis","Columbus"
"2009","01","03","10","00","00","0","Edmonton","Dallas"
"2009","01","03","10","30","00","0","Los Angeles","Philadelphia"
"2009","01","03","10","30","00","0","San Jose","NY Islanders"
"2009","01","04","01","00","00","0","Montreal","Florida"
"2009","01","04","05","00","00","0","Atlanta","Tampa Bay"
"2009","01","04","07","00","00","0","Chicago","Calgary"
"2009","01","04","07","00","00","0","New Jersey","Ottawa"
"2009","01","04","08","00","00","0","Anaheim","Phoenix"
"2009","01","04","08","00","00","0","Colorado","Minnesota"
"2009","01","04","10","00","00","0","Vancouver","Dallas"
"2009","01","05","07","00","00","0","Ny Rangers","Pittsburgh"
"2009","01","05","09","00","00","0","Edmonton","NY Islanders"
"2009","01","06","07","00","00","0","Boston","Minnesota"
"2009","01","06","07","00","00","0","Buffalo","Ottawa"
"2009","01","06","07","00","00","0","Carolina","New Jersey"
"2009","01","06","07","00","00","0","Washington","Philadelphia"
"2009","01","06","07","30","00","0","Detroit","Columbus"
"2009","01","06","07","30","00","0","Pittsburgh","Atlanta"
"2009","01","06","07","30","00","0","Toronto","Florida"
"2009","01","06","08","00","00","0","Nashville","Colorado"
"2009","01","06","09","00","00","0","Calgary","San Jose"
"2009","01","06","09","00","00","0","Phoenix","Chicago"
"2009","01","06","10","00","00","0","Anaheim","Los Angeles"
"2009","01","07","07","30","00","0","Ny Rangers","Montreal"
"2009","01","07","09","00","00","0","Edmonton","Vancouver"
"2009","01","08","07","00","00","0","Boston","Ottawa"
"2009","01","08","07","00","00","0","New Jersey","Atlanta"
"2009","01","08","07","00","00","0","Philadelphia","Minnesota"
"2009","01","08","07","30","00","0","Detroit","Dallas"
"2009","01","08","07","30","00","0","Florida","Carolina"
"2009","01","08","07","30","00","0","Montreal","Toronto"
"2009","01","08","08","00","00","0","Nashville","Pittsburgh"
"2009","01","08","09","00","00","0","Calgary","NY Islanders"
"2009","01","08","09","00","00","0","Colorado","Chicago"
"2009","01","08","09","00","00","0","Phoenix","Tampa Bay"
"2009","01","08","10","30","00","0","Los Angeles","Anaheim"
"2009","01","09","07","00","00","0","Washington","Columbus"
"2009","01","09","07","30","00","0","Buffalo","NY Rangers"
"2009","01","09","09","00","00","0","Edmonton","San Jose"
"2009","01","09","10","00","00","0","Anaheim","Tampa Bay"
"2009","01","09","10","00","00","0","Vancouver","St. Louis"
"2009","01","01","02","00","00","0","Chicago","Detroit"
"2009","01","01","07","00","00","0","Boston","Pittsburgh"
"2009","01","01","07","00","00","0","Toronto","Buffalo"
"2009","01","01","07","00","00","0","Washington","Tampa Bay"
"2009","01","01","08","00","00","0","Nashville","Vancouver"
"2009","01","10","01","00","00","0","Boston","Carolina"
"2009","01","10","03","00","00","0","Colorado","Pittsburgh"
"2009","01","10","07","00","00","0","Columbus","Minnesota"
"2009","01","10","07","00","00","0","Detroit","Buffalo"
"2009","01","10","07","00","00","0","Florida","Atlanta"
"2009","01","10","07","00","00","0","Montreal","Washington"
"2009","01","10","07","00","00","0","Ottawa","NY Rangers"
"2009","01","10","07","00","00","0","Philadelphia","Toronto"
"2009","01","10","08","00","00","0","Nashville","Chicago"
"2009","01","10","09","00","00","0","Phoenix","Dallas"
"2009","01","10","10","00","00","0","Vancouver","San Jose"
"2009","01","10","10","30","00","0","Los Angeles","New Jersey"
"2009","01","11","07","00","00","0","Chicago","Nashville"
"2009","01","11","08","00","00","0","Anaheim","New Jersey"
"2009","01","11","08","00","00","0","Edmonton","St. Louis"
"2009","01","12","08","00","00","0","Dallas","Detroit"
"2009","01","12","10","30","00","0","Los Angeles","Tampa Bay"
"2009","01","13","07","00","00","0","Boston","Montreal"
"2009","01","13","07","00","00","0","Columbus","Colorado"
"2009","01","13","07","00","00","0","Ny Islanders","NY Rangers"
"2009","01","13","07","00","00","0","Philadelphia","Pittsburgh"
"2009","01","13","07","00","00","0","Washington","Edmonton"
"2009","01","13","07","30","00","0","Ottawa","Carolina"
"2009","01","13","07","30","00","0","Toronto","Nashville"
"2009","01","13","08","00","00","0","Minnesota","Phoenix"
"2009","01","13","09","30","00","0","Calgary","St. Louis"
"2009","01","13","10","00","00","0","Vancouver","New Jersey"
"2009","01","13","10","30","00","0","San Jose","Tampa Bay"
"2009","01","14","07","30","00","0","Atlanta","Ottawa"
"2009","01","14","07","30","00","0","Pittsburgh","Washington"
"2009","01","14","08","30","00","0","Chicago","Buffalo"
"2009","01","14","10","00","00","0","Anaheim","Detroit"
"2009","01","15","07","00","00","0","Ny Islanders","Boston"
"2009","01","15","07","30","00","0","Carolina","Toronto"
"2009","01","15","07","30","00","0","Montreal","Nashville"
"2009","01","15","07","30","00","0","Tampa Bay","Philadelphia"
"2009","01","15","08","00","00","0","Minnesota","Edmonton"
"2009","01","15","08","30","00","0","Dallas","Buffalo"
"2009","01","15","08","30","00","0","St. Louis","Colorado"
"2009","01","15","10","00","00","0","Vancouver","Phoenix"
"2009","01","15","10","30","00","0","Los Angeles","Detroit"
"2009","01","15","10","30","00","0","San Jose","Calgary"
"2009","01","16","07","00","00","0","Columbus","New Jersey"
"2009","01","16","07","30","00","0","Atlanta","Toronto"
"2009","01","16","07","30","00","0","Florida","Philadelphia"
"2009","01","16","07","30","00","0","Pittsburgh","Anaheim"
"2009","01","16","08","30","00","0","Chicago","NY Rangers"
"2009","01","16","09","30","00","0","Colorado","Edmonton"
"2009","01","17","03","00","00","0","Dallas","Los Angeles"
"2009","01","17","07","00","00","0","Buffalo","Carolina"
"2009","01","17","07","00","00","0","Ny Islanders","New Jersey"
"2009","01","17","07","00","00","0","Ottawa","Montreal"
"2009","01","17","07","00","00","0","Washington","Boston"
"2009","01","17","07","30","00","0","Tampa Bay","Florida"
"2009","01","17","08","00","00","0","Nashville","Atlanta"
"2009","01","17","08","30","00","0","St. Louis","Chicago"
"2009","01","17","09","00","00","0","Minnesota","Anaheim"
"2009","01","17","10","00","00","0","Calgary","Phoenix"
"2009","01","17","10","30","00","0","San Jose","Detroit"
"2009","01","18","03","00","00","0","Pittsburgh","NY Rangers"
"2009","01","18","08","00","00","0","Colorado","Calgary"
"2009","01","18","08","00","00","0","Edmonton","Phoenix"
"2009","01","18","10","00","00","0","Vancouver","Columbus"
"2009","01","19","01","00","00","0","Boston","St. Louis"
"2009","01","19","02","00","00","0","Ny Islanders","Washington"
"2009","01","19","07","30","00","0","Florida","Buffalo"
"2009","01","19","07","30","00","0","Tampa Bay","Dallas"
"2009","01","19","07","30","00","0","Toronto","Carolina"
"2009","01","19","08","00","00","0","Chicago","Minnesota"
"2009","01","19","08","00","00","0","Nashville","New Jersey"
"2009","01","20","07","00","00","0","Atlanta","Montreal"
"2009","01","20","07","00","00","0","Ny Rangers","Anaheim"
"2009","01","20","07","30","00","0","Ottawa","Washington"
"2009","01","20","07","30","00","0","Pittsburgh","Carolina"
"2009","01","20","08","00","00","0","Minnesota","Los Angeles"
"2009","01","20","09","00","00","0","Edmonton","Columbus"
"2009","01","20","09","00","00","0","Phoenix","Detroit"
"2009","01","20","10","30","00","0","San Jose","Vancouver"
"2009","01","21","07","00","00","0","New Jersey","Montreal"
"2009","01","21","07","00","00","0","Ny Islanders","Anaheim"
"2009","01","21","07","00","00","0","Philadelphia","Atlanta"
"2009","01","21","07","30","00","0","Florida","Dallas"
"2009","01","21","07","30","00","0","Tampa Bay","Buffalo"
"2009","01","21","07","30","00","0","Toronto","Boston"
"2009","01","21","08","30","00","0","Chicago","St. Louis"
"2009","01","21","09","00","00","0","Colorado","Los Angeles"
"2009","01","21","10","00","00","0","Calgary","Columbus"
"2009","01","27","07","00","00","0","Boston","Washington"
"2009","01","27","07","00","00","0","Columbus","Detroit"
"2009","01","27","07","00","00","0","Ny Rangers","Carolina"
"2009","01","27","07","30","00","0","Florida","Philadelphia"
"2009","01","27","07","30","00","0","Ottawa","New Jersey"
"2009","01","27","07","30","00","0","Tampa Bay","Montreal"
"2009","01","27","08","00","00","0","Minnesota","Toronto"
"2009","01","27","08","30","00","0","Dallas","Atlanta"
"2009","01","27","09","00","00","0","Colorado","San Jose"
"2009","01","27","09","00","00","0","Edmonton","Buffalo"
"2009","01","27","09","00","00","0","Phoenix","Anaheim"
"2009","01","28","07","30","00","0","Pittsburgh","NY Rangers"
"2009","01","28","08","00","00","0","Calgary","Buffalo"
"2009","01","28","10","00","00","0","Anaheim","Chicago"
"2009","01","28","10","30","00","0","Vancouver","Nashville"
"2009","01","29","07","00","00","0","Atlanta","NY Islanders"
"2009","01","29","07","00","00","0","Boston","New Jersey"
"2009","01","29","07","00","00","0","Carolina","Tampa Bay"
"2009","01","29","07","30","00","0","Detroit","Dallas"
"2009","01","29","07","30","00","0","Florida","Montreal"
"2009","01","29","08","30","00","0","St. Louis","Ottawa"
"2009","01","29","09","00","00","0","Colorado","Toronto"
"2009","01","29","10","30","00","0","Los Angeles","Chicago"
"2009","01","29","10","30","00","0","San Jose","Phoenix"
"2009","01","30","07","00","00","0","Columbus","Ottawa"
"2009","01","30","07","00","00","0","New Jersey","Pittsburgh"
"2009","01","30","07","30","00","0","Tampa Bay","Philadelphia"
"2009","01","30","09","00","00","0","Calgary","Nashville"
"2009","01","30","09","00","00","0","Edmonton","Minnesota"
"2009","01","31","01","00","00","0","Boston","NY Rangers"
"2009","01","31","03","00","00","0","Colorado","Anaheim"
"2009","01","31","03","00","00","0","Montreal","Los Angeles"
"2009","01","31","07","00","00","0","Columbus","Dallas"
"2009","01","31","07","00","00","0","Ny Islanders","Florida"
"2009","01","31","07","00","00","0","Toronto","Pittsburgh"
"2009","01","31","08","00","00","0","Carolina","Atlanta"
"2009","01","31","08","30","00","0","St. Louis","Philadelphia"
"2009","01","31","09","00","00","0","Phoenix","Buffalo"
"2009","01","31","10","00","00","0","Vancouver","Minnesota"
"2009","01","31","10","30","00","0","San Jose","Chicago"
"2009","01","31","12","30","00","0","Washington","Detroit"
"2009","02","02","07","00","00","0","Detroit","St. Louis"
"2009","02","02","09","00","00","0","Colorado","Calgary"
"2009","02","02","10","00","00","0","Anaheim","Buffalo"
"2009","02","03","07","00","00","0","Columbus","St. Louis"
"2009","02","03","07","00","00","0","New Jersey","Washington"
"2009","02","03","07","00","00","0","Ny Islanders","Tampa Bay"
"2009","02","03","07","00","00","0","Ny Rangers","Atlanta"
"2009","02","03","07","30","00","0","Montreal","Pittsburgh"
"2009","02","03","07","30","00","0","Ottawa","Los Angeles"
"2009","02","03","07","30","00","0","Toronto","Florida"
"2009","02","03","08","00","00","0","Nashville","Phoenix"
"2009","02","03","08","30","00","0","Dallas","Calgary"
"2009","02","03","09","00","00","0","Edmonton","Chicago"
"2009","02","03","10","00","00","0","Vancouver","Carolina"
"2009","02","04","07","00","00","0","Philadelphia","Boston"
"2009","02","04","07","30","00","0","Buffalo","Toronto"
"2009","02","04","07","30","00","0","Detroit","Phoenix"
"2009","02","04","07","30","00","0","Pittsburgh","Tampa Bay"
"2009","02","04","08","00","00","0","Minnesota","Anaheim"
"2009","02","05","07","00","00","0","Washington","Los Angeles"
"2009","02","05","07","30","00","0","Florida","NY Islanders"
"2009","02","05","07","30","00","0","Ottawa","Boston"
"2009","02","05","08","00","00","0","Nashville","Anaheim"
"2009","02","05","08","30","00","0","St. Louis","Edmonton"
"2009","02","05","09","00","00","0","Calgary","Chicago"
"2009","02","05","09","00","00","0","Colorado","Dallas"
"2009","02","05","10","30","00","0","San Jose","Carolina"
"2009","02","06","07","30","00","0","Atlanta","New Jersey"
"2009","02","06","07","30","00","0","Buffalo","Montreal"
"2009","02","06","07","30","00","0","Pittsburgh","Columbus"
"2009","02","06","08","00","00","0","Minnesota","Nashville"
"2009","02","06","08","30","00","0","Dallas","NY Rangers"
"2009","02","07","01","00","00","0","Boston","Philadelphia"
"2009","02","07","03","00","00","0","Calgary","Anaheim"
"2009","02","07","03","00","00","0","Detroit","Edmonton"
"2009","02","07","07","00","00","0","Columbus","San Jose"
"2009","02","07","07","00","00","0","Montreal","Toronto"
"2009","02","07","07","00","00","0","New Jersey","Los Angeles"
"2009","02","07","07","00","00","0","Ottawa","Buffalo"
"2009","02","07","07","00","00","0","Washington","Florida"
"2009","02","07","07","30","00","0","Tampa Bay","NY Islanders"
"2009","02","07","08","30","00","0","St. Louis","Colorado"
"2009","02","07","09","00","00","0","Phoenix","Carolina"
"2009","02","07","10","00","00","0","Vancouver","Chicago"
"2009","02","08","03","00","00","0","Atlanta","Philadelphia"
"2009","02","08","03","00","00","0","Minnesota","Edmonton"
"2009","02","08","03","00","00","0","Pittsburgh","Detroit"
"2009","02","08","06","00","00","0","Dallas","Nashville"
"2009","02","09","07","00","00","0","New Jersey","NY Rangers"
"2009","02","09","09","00","00","0","Calgary","Montreal"
"2009","02","01","03","00","00","0","Montreal","Boston"
"2009","02","01","08","00","00","0","Edmonton","Nashville"
"2009","02","01","12","30","00","0","Washington","Ottawa"
"2009","02","10","07","00","00","0","Boston","San Jose"
"2009","02","10","07","00","00","0","Columbus","Colorado"
"2009","02","10","07","00","00","0","Ny Islanders","Los Angeles"
"2009","02","10","07","30","00","0","Florida","Toronto"
"2009","02","10","07","30","00","0","Tampa Bay","Atlanta"
"2009","02","10","08","00","00","0","Nashville","Detroit"
"2009","02","10","08","30","00","0","St. Louis","Vancouver"
"2009","02","11","07","00","00","0","Atlanta","Chicago"
"2009","02","11","07","00","00","0","New Jersey","NY Islanders"
"2009","02","11","07","00","00","0","Ny Rangers","Washington"
"2009","02","11","07","30","00","0","Buffalo","Ottawa"
"2009","02","11","07","30","00","0","Pittsburgh","San Jose"
"2009","02","11","08","00","00","0","Minnesota","Colorado"
"2009","02","11","08","30","00","0","Dallas","Phoenix"
"2009","02","11","09","00","00","0","Edmonton","Montreal"
"2009","02","11","10","00","00","0","Anaheim","Calgary"
"2009","02","12","07","00","00","0","Carolina","Florida"
"2009","02","12","07","00","00","0","Philadelphia","Ottawa"
"2009","02","12","07","30","00","0","Detroit","Minnesota"
"2009","02","12","07","30","00","0","Tampa Bay","Toronto"
"2009","02","12","08","00","00","0","Nashville","St. Louis"
"2009","02","12","09","00","00","0","Phoenix","Vancouver"
"2009","02","12","10","30","00","0","Los Angeles","Calgary"
"2009","02","13","07","00","00","0","Columbus","Detroit"
"2009","02","13","07","00","00","0","New Jersey","Boston"
"2009","02","13","07","30","00","0","Buffalo","San Jose"
"2009","02","13","07","30","00","0","Florida","NY Rangers"
"2009","02","13","08","30","00","0","Dallas","Vancouver"
"2009","02","13","08","30","00","0","St. Louis","Chicago"
"2009","02","13","09","00","00","0","Colorado","Montreal"
"2009","02","14","01","00","00","0","Philadelphia","NY Islanders"
"2009","02","14","04","00","00","0","Los Angeles","Edmonton"
"2009","02","14","07","00","00","0","Carolina","Columbus"
"2009","02","14","07","00","00","0","Toronto","Pittsburgh"
"2009","02","14","07","30","00","0","Tampa Bay","Washington"
"2009","02","14","08","00","00","0","Minnesota","Ottawa"
"2009","02","14","08","00","00","0","Nashville","Boston"
"2009","02","14","08","30","00","0","Chicago","Dallas"
"2009","02","14","10","00","00","0","Phoenix","Calgary"
"2009","02","15","01","00","00","0","New Jersey","San Jose"
"2009","02","15","05","00","00","0","Detroit","Colorado"
"2009","02","15","05","00","00","0","Florida","Washington"
"2009","02","15","06","00","00","0","Buffalo","Carolina"
"2009","02","15","08","00","00","0","Anaheim","Atlanta"
"2009","02","15","10","00","00","0","Vancouver","Montreal"
"2009","02","15","12","00","00","0","Ny Rangers","Philadelphia"
"2009","02","16","02","00","00","0","Ny Islanders","Pittsburgh"
"2009","02","16","07","00","00","0","Columbus","Dallas"
"2009","02","16","07","00","00","0","St. Louis","NY Rangers"
"2009","02","16","08","00","00","0","Nashville","Ottawa"
"2009","02","16","09","30","00","0","Phoenix","Edmonton"
"2009","02","16","10","30","00","0","Los Angeles","Atlanta"
"2009","02","17","07","00","00","0","Carolina","Boston"
"2009","02","17","07","30","00","0","Florida","New Jersey"
"2009","02","17","07","30","00","0","Tampa Bay","Chicago"
"2009","02","17","07","30","00","0","Toronto","Buffalo"
"2009","02","17","09","00","00","0","Calgary","Vancouver"
"2009","02","17","09","00","00","0","Colorado","Ottawa"
"2009","02","17","10","30","00","0","San Jose","Edmonton"
"2009","02","18","07","00","00","0","Columbus","St. Louis"
"2009","02","18","07","00","00","0","Ny Rangers","NY Islanders"
"2009","02","18","07","30","00","0","Detroit","Nashville"
"2009","02","18","07","30","00","0","Washington","Montreal"
"2009","02","18","10","00","00","0","Anaheim","Los Angeles"
"2009","02","19","07","00","00","0","Ny Islanders","Carolina"
"2009","02","19","07","00","00","0","Philadelphia","Buffalo"
"2009","02","19","07","00","00","0","Pittsburgh","Montreal"
"2009","02","19","07","30","00","0","Florida","Chicago"
"2009","02","19","07","30","00","0","Ottawa","Vancouver"
"2009","02","19","07","30","00","0","Tampa Bay","New Jersey"
"2009","02","19","07","30","00","0","Toronto","Columbus"
"2009","02","19","08","00","00","0","Minnesota","Calgary"
"2009","02","19","08","00","00","0","Nashville","St. Louis"
"2009","02","19","08","30","00","0","Dallas","Edmonton"
"2009","02","19","09","00","00","0","Phoenix","Atlanta"
"2009","02","19","10","30","00","0","San Jose","Los Angeles"
"2009","02","20","07","00","00","0","Carolina","Tampa Bay"
"2009","02","20","07","00","00","0","Washington","Colorado"
"2009","02","20","07","30","00","0","Detroit","Anaheim"
"2009","02","21","01","00","00","0","Philadelphia","Pittsburgh"
"2009","02","21","03","00","00","0","Dallas","Chicago"
"2009","02","21","03","00","00","0","Montreal","Ottawa"
"2009","02","21","04","00","00","0","Los Angeles","Phoenix"
"2009","02","21","04","00","00","0","San Jose","Atlanta"
"2009","02","21","07","00","00","0","Buffalo","NY Rangers"
"2009","02","21","07","00","00","0","Columbus","Anaheim"
"2009","02","21","07","00","00","0","Florida","Boston"
"2009","02","21","07","00","00","0","Ny Islanders","New Jersey"
"2009","02","21","07","00","00","0","Toronto","Vancouver"
"2009","02","21","08","00","00","0","Minnesota","Detroit"
"2009","02","21","08","30","00","0","St. Louis","Nashville"
"2009","02","21","10","00","00","0","Edmonton","Calgary"
"2009","02","22","03","00","00","0","Carolina","Colorado"
"2009","02","22","03","00","00","0","Washington","Pittsburgh"
"2009","02","22","05","00","00","0","Tampa Bay","Boston"
"2009","02","22","07","00","00","0","Chicago","Minnesota"
"2009","02","22","07","00","00","0","Ny Rangers","Toronto"
"2009","02","23","08","00","00","0","Dallas","San Jose"
"2009","02","24","07","00","00","0","Atlanta","Colorado"
"2009","02","24","07","00","00","0","Boston","Florida"
"2009","02","24","07","00","00","0","Buffalo","Anaheim"
"2009","02","24","07","00","00","0","Washington","Philadelphia"
"2009","02","24","07","30","00","0","Montreal","Vancouver"
"2009","02","24","07","30","00","0","Ottawa","Carolina"
"2009","02","24","08","00","00","0","Minnesota","Los Angeles"
"2009","02","24","08","00","00","0","Nashville","Chicago"
"2009","02","24","08","30","00","0","St. Louis","Phoenix"
"2009","02","24","09","00","00","0","Calgary","Columbus"
"2009","02","24","09","00","00","0","Edmonton","Tampa Bay"
"2009","02","25","07","00","00","0","Philadelphia","Los Angeles"
"2009","02","25","07","30","00","0","Detroit","San Jose"
"2009","02","25","07","30","00","0","Pittsburgh","NY Islanders"
"2009","02","25","07","30","00","0","Toronto","NY Rangers"
"2009","02","26","07","00","00","0","Boston","Anaheim"
"2009","02","26","07","00","00","0","Carolina","Buffalo"
"2009","02","26","07","00","00","0","New Jersey","Colorado"
"2009","02","26","07","00","00","0","Ny Islanders","Toronto"
"2009","02","26","07","00","00","0","Ny Rangers","Florida"
"2009","02","26","07","00","00","0","Washington","Atlanta"
"2009","02","26","07","30","00","0","Ottawa","San Jose"
"2009","02","26","08","00","00","0","Nashville","Phoenix"
"2009","02","26","08","30","00","0","Dallas","St. Louis"
"2009","02","26","09","00","00","0","Edmonton","Columbus"
"2009","02","27","07","00","00","0","Philadelphia","Montreal"
"2009","02","27","07","30","00","0","Detroit","Los Angeles"
"2009","02","27","08","30","00","0","Chicago","Pittsburgh"
"2009","02","27","09","00","00","0","Calgary","Minnesota"
"2009","02","27","10","00","00","0","Vancouver","Tampa Bay"
"2009","02","28","01","00","00","0","Boston","Washington"
"2009","02","28","01","00","00","0","New Jersey","Florida"
"2009","02","28","03","00","00","0","Dallas","Anaheim"
"2009","02","28","07","00","00","0","Atlanta","Carolina"
"2009","02","28","07","00","00","0","Montreal","San Jose"
"2009","02","28","07","00","00","0","Ny Islanders","Buffalo"
"2009","02","28","07","00","00","0","Ny Rangers","Colorado"
"2009","02","28","07","00","00","0","Ottawa","Toronto"
"2009","02","28","08","00","00","0","Nashville","Detroit"
"2009","02","28","09","00","00","0","Phoenix","St. Louis"
"2009","02","28","10","00","00","0","Edmonton","Minnesota"
"2009","03","02","07","00","00","0","Ny Islanders","Colorado"
"2009","03","03","07","00","00","0","Atlanta","Florida"
"2009","03","03","07","00","00","0","Boston","Philadelphia"
"2009","03","03","07","00","00","0","Columbus","Los Angeles"
"2009","03","03","07","00","00","0","Washington","Carolina"
"2009","03","03","07","30","00","0","Ottawa","Calgary"
"2009","03","03","07","30","00","0","Tampa Bay","Pittsburgh"
"2009","03","03","07","30","00","0","Toronto","New Jersey"
"2009","03","03","08","00","00","0","Nashville","Edmonton"
"2009","03","03","08","30","00","0","Chicago","Anaheim"
"2009","03","03","08","30","00","0","St. Louis","Detroit"
"2009","03","03","10","00","00","0","Vancouver","Minnesota"
"2009","03","03","10","30","00","0","San Jose","Dallas"
"2009","03","04","07","30","00","0","Buffalo","Montreal"
"2009","03","04","09","00","00","0","Colorado","Detroit"
"2009","03","05","07","00","00","0","Boston","Phoenix"
"2009","03","05","07","00","00","0","Ny Islanders","NY Rangers"
"2009","03","05","07","00","00","0","Philadelphia","Calgary"
"2009","03","05","07","00","00","0","Washington","Toronto"
"2009","03","05","07","30","00","0","Florida","Pittsburgh"
"2009","03","05","07","30","00","0","Ottawa","Edmonton"
"2009","03","05","08","00","00","0","Nashville","Columbus"
"2009","03","05","10","30","00","0","Los Angeles","Dallas"
"2009","03","05","10","30","00","0","San Jose","Minnesota"
"2009","03","06","07","00","00","0","Carolina","Calgary"
"2009","03","06","07","30","00","0","Atlanta","Montreal"
"2009","03","06","07","30","00","0","Buffalo","Phoenix"
"2009","03","06","07","30","00","0","Tampa Bay","St. Louis"
"2009","03","06","10","00","00","0","Anaheim","Dallas"
"2009","03","07","01","00","00","0","Boston","Chicago"
"2009","03","07","02","00","00","0","Ny Islanders","New Jersey"
"2009","03","07","04","00","00","0","Los Angeles","Minnesota"
"2009","03","07","07","00","00","0","Detroit","Columbus"
"2009","03","07","07","00","00","0","Florida","St. Louis"
"2009","03","07","07","00","00","0","Ottawa","Buffalo"
"2009","03","07","07","00","00","0","Philadelphia","Nashville"
"2009","03","07","07","00","00","0","Toronto","Edmonton"
"2009","03","07","07","30","00","0","Tampa Bay","Carolina"
"2009","03","07","10","00","00","0","Vancouver","San Jose"
"2009","03","08","03","00","00","1","Atlanta","Calgary"
"2009","03","08","03","00","00","1","Chicago","Colorado"
"2009","03","08","03","00","00","1","Ny Islanders","Phoenix"
"2009","03","08","03","00","00","1","Washington","Pittsburgh"
"2009","03","08","06","00","00","1","Dallas","Montreal"
"2009","03","08","08","00","00","1","Anaheim","Minnesota"
"2009","03","08","12","00","00","1","Ny Rangers","Boston"
"2009","03","09","07","00","00","1","Carolina","NY Rangers"
"2009","03","09","07","30","00","1","Ottawa","Toronto"
"2009","03","09","10","30","00","1","Los Angeles","Vancouver"
"2009","03","01","01","00","00","1","New Jersey","Philadelphia"
"2009","03","01","03","00","00","1","Chicago","Los Angeles"
"2009","03","01","03","00","00","1","Dallas","Pittsburgh"
"2009","03","01","03","00","00","1","Washington","Florida"
"2009","03","01","08","00","00","1","Calgary","Tampa Bay"
"2009","03","01","10","00","00","1","Vancouver","Columbus"
"2009","03","10","07","00","00","1","Columbus","Boston"
"2009","03","10","07","00","00","1","New Jersey","Calgary"
"2009","03","10","07","00","00","1","Philadelphia","Buffalo"
"2009","03","10","07","30","00","1","Detroit","Phoenix"
"2009","03","10","07","30","00","1","Montreal","Edmonton"
"2009","03","10","07","30","00","1","Pittsburgh","Florida"
"2009","03","10","07","30","00","1","Toronto","NY Islanders"
"2009","03","10","08","00","00","1","Minnesota","San Jose"
"2009","03","10","08","00","00","1","Nashville","Washington"
"2009","03","10","08","30","00","1","St. Louis","Dallas"
"2009","03","10","09","00","00","1","Colorado","Atlanta"
"2009","03","11","07","00","00","1","Ottawa","Tampa Bay"
"2009","03","11","08","30","00","1","Chicago","Carolina"
"2009","03","11","10","00","00","1","Anaheim","Vancouver"
"2009","03","12","07","00","00","1","Boston","Ottawa"
"2009","03","12","07","00","00","1","Buffalo","Florida"
"2009","03","12","07","00","00","1","Columbus","Pittsburgh"
"2009","03","12","07","00","00","1","New Jersey","Phoenix"
"2009","03","12","07","00","00","1","Philadelphia","Washington"
"2009","03","12","07","30","00","1","Detroit","Calgary"
"2009","03","12","07","30","00","1","Montreal","NY Islanders"
"2009","03","12","07","30","00","1","Toronto","Tampa Bay"
"2009","03","12","08","00","00","1","Nashville","NY Rangers"
"2009","03","12","08","30","00","1","Dallas","Carolina"
"2009","03","12","08","30","00","1","St. Louis","San Jose"
"2009","03","12","09","00","00","1","Colorado","Minnesota"
"2009","03","12","09","00","00","1","Edmonton","Atlanta"
"2009","03","13","08","30","00","1","Chicago","Columbus"
"2009","03","13","10","00","00","1","Vancouver","Los Angeles"
"2009","03","14","01","00","00","1","Boston","NY Islanders"
"2009","03","14","01","00","00","1","Philadelphia","NY Rangers"
"2009","03","14","02","00","00","1","St. Louis","Detroit"
"2009","03","14","03","00","00","1","Pittsburgh","Ottawa"
"2009","03","14","07","00","00","1","Buffalo","Atlanta"
"2009","03","14","07","00","00","1","Florida","Tampa Bay"
"2009","03","14","07","00","00","1","Montreal","New Jersey"
"2009","03","14","07","00","00","1","Toronto","Calgary"
"2009","03","14","07","00","00","1","Washington","Carolina"
"2009","03","14","08","00","00","1","Dallas","Minnesota"
"2009","03","14","10","00","00","1","Edmonton","Colorado"
"2009","03","14","10","00","00","1","Phoenix","Nashville"
"2009","03","14","10","00","00","1","San Jose","Los Angeles"
"2009","03","15","03","00","00","1","Chicago","NY Islanders"
"2009","03","15","03","00","00","1","Pittsburgh","Boston"
"2009","03","15","05","00","00","1","Columbus","Detroit"
"2009","03","15","06","00","00","1","St. Louis","Minnesota"
"2009","03","15","08","00","00","1","Anaheim","San Jose"
"2009","03","15","10","00","00","1","Vancouver","Colorado"
"2009","03","15","12","00","00","1","Ny Rangers","Philadelphia"
"2009","03","16","07","00","00","1","Atlanta","Washington"
"2009","03","16","10","30","00","1","Los Angeles","Nashville"
"2009","03","17","07","00","00","1","New Jersey","Chicago"
"2009","03","17","07","30","00","1","Detroit","Philadelphia"
"2009","03","17","07","30","00","1","Florida","Washington"
"2009","03","17","07","30","00","1","Montreal","NY Rangers"
"2009","03","17","07","30","00","1","Ottawa","Buffalo"
"2009","03","17","07","30","00","1","Pittsburgh","Atlanta"
"2009","03","17","07","30","00","1","Tampa Bay","Toronto"
"2009","03","17","08","00","00","1","Minnesota","Colorado"
"2009","03","17","10","00","00","1","Edmonton","St. Louis"
"2009","03","17","10","00","00","1","Phoenix","San Jose"
"2009","03","17","10","00","00","1","Vancouver","Dallas"
"2009","03","18","07","00","00","1","Carolina","New Jersey"
"2009","03","18","07","00","00","1","Columbus","Chicago"
"2009","03","18","09","30","00","1","Calgary","Dallas"
"2009","03","18","10","00","00","1","Anaheim","Nashville"
"2009","03","19","07","00","00","1","Boston","Los Angeles"
"2009","03","19","07","30","00","1","Florida","Toronto"
"2009","03","19","07","30","00","1","Ottawa","Montreal"
"2009","03","19","07","30","00","1","Tampa Bay","Washington"
"2009","03","19","09","00","00","1","Colorado","Edmonton"
"2009","03","19","10","00","00","1","Phoenix","Anaheim"
"2009","03","19","10","00","00","1","Vancouver","St. Louis"
"2009","03","19","10","30","00","1","San Jose","Nashville"
"2009","03","20","07","00","00","1","Carolina","NY Islanders"
"2009","03","20","07","00","00","1","New Jersey","Minnesota"
"2009","03","20","07","30","00","1","Atlanta","Detroit"
"2009","03","20","07","30","00","1","Buffalo","Philadelphia"
"2009","03","20","07","30","00","1","Pittsburgh","Los Angeles"
"2009","03","20","08","30","00","1","Chicago","Edmonton"
"2009","03","20","09","00","00","1","Calgary","St. Louis"
"2009","03","21","04","00","00","1","San Jose","Dallas"
"2009","03","21","07","00","00","1","Carolina","Washington"
"2009","03","21","07","00","00","1","Florida","Columbus"
"2009","03","21","07","00","00","1","Montreal","Toronto"
"2009","03","21","07","00","00","1","Ny Rangers","Buffalo"
"2009","03","21","07","00","00","1","Ottawa","NY Islanders"
"2009","03","21","07","30","00","1","Tampa Bay","Atlanta"
"2009","03","21","10","00","00","1","Phoenix","Vancouver"
"2009","03","22","03","00","00","1","Boston","New Jersey"
"2009","03","22","03","00","00","1","Chicago","Los Angeles"
"2009","03","22","03","00","00","1","Minnesota","Edmonton"
"2009","03","22","03","00","00","1","Pittsburgh","Philadelphia"
"2009","03","22","07","00","00","1","Ny Rangers","Ottawa"
"2009","03","22","08","00","00","1","Anaheim","Phoenix"
"2009","03","22","08","00","00","1","San Jose","Colorado"
"2009","03","23","07","00","00","1","Philadelphia","New Jersey"
"2009","03","23","07","30","00","1","Florida","Carolina"
"2009","03","23","09","00","00","1","Calgary","Detroit"
"2009","03","24","07","00","00","1","Ny Rangers","Minnesota"
"2009","03","24","07","00","00","1","Toronto","Washington"
"2009","03","24","07","30","00","1","Montreal","Atlanta"
"2009","03","24","07","30","00","1","Tampa Bay","Columbus"
"2009","03","24","08","00","00","1","Nashville","Anaheim"
"2009","03","24","08","30","00","1","Dallas","Vancouver"
"2009","03","24","08","30","00","1","St. Louis","Los Angeles"
"2009","03","24","09","30","00","1","Edmonton","Detroit"
"2009","03","25","07","00","00","1","Buffalo","Florida"
"2009","03","25","07","00","00","1","Carolina","Ottawa"
"2009","03","25","07","00","00","1","Ny Islanders","Minnesota"
"2009","03","25","07","30","00","1","Pittsburgh","Calgary"
"2009","03","25","08","30","00","1","Chicago","San Jose"
"2009","03","25","09","00","00","1","Colorado","Anaheim"
"2009","03","26","07","00","00","1","Atlanta","NY Rangers"
"2009","03","26","07","00","00","1","Columbus","Calgary"
"2009","03","26","07","00","00","1","Philadelphia","Florida"
"2009","03","26","07","30","00","1","Montreal","Tampa Bay"
"2009","03","26","08","00","00","1","Nashville","San Jose"
"2009","03","26","08","30","00","1","Dallas","Los Angeles"
"2009","03","26","08","30","00","1","St. Louis","Vancouver"
"2009","03","26","10","00","00","1","Phoenix","Edmonton"
"2009","03","27","07","00","00","1","Washington","Tampa Bay"
"2009","03","27","07","30","00","1","Buffalo","Toronto"
"2009","03","27","07","30","00","1","Detroit","NY Islanders"
"2009","03","27","08","30","00","1","Chicago","New Jersey"
"2009","03","27","09","00","00","1","Colorado","Vancouver"
"2009","03","27","10","00","00","1","Anaheim","Edmonton"
"2009","03","28","01","00","00","1","Pittsburgh","NY Rangers"
"2009","03","28","07","00","00","1","Atlanta","Ottawa"
"2009","03","28","07","00","00","1","Montreal","Buffalo"
"2009","03","28","07","00","00","1","New Jersey","Carolina"
"2009","03","28","07","00","00","1","Ny Islanders","Philadelphia"
"2009","03","28","07","00","00","1","Toronto","Boston"
"2009","03","28","08","00","00","1","Dallas","Florida"
"2009","03","28","08","00","00","1","Nashville","Los Angeles"
"2009","03","28","08","30","00","1","St. Louis","Columbus"
"2009","03","28","10","00","00","1","Calgary","Minnesota"
"2009","03","28","10","30","00","1","San Jose","Phoenix"
"2009","03","29","05","00","00","1","Columbus","St. Louis"
"2009","03","29","05","00","00","1","Detroit","Nashville"
"2009","03","29","06","00","00","1","Tampa Bay","Ottawa"
"2009","03","29","07","00","00","1","Chicago","Vancouver"
"2009","03","29","07","00","00","1","Philadelphia","Boston"
"2009","03","29","08","00","00","1","Anaheim","Colorado"
"2009","03","29","08","00","00","1","Edmonton","Minnesota"
"2009","03","30","07","00","00","1","Ny Rangers","New Jersey"
"2009","03","30","09","00","00","1","Calgary","San Jose"
"2009","03","30","10","00","00","1","Phoenix","Dallas"
"2009","03","31","07","00","00","1","Boston","Tampa Bay"
"2009","03","31","07","00","00","1","Columbus","Nashville"
"2009","03","31","07","30","00","1","Florida","Ottawa"
"2009","03","31","07","30","00","1","Montreal","Chicago"
"2009","03","31","08","00","00","1","Minnesota","Vancouver"
"2009","03","31","09","00","00","1","Edmonton","Anaheim"
"2009","03","31","10","30","00","1","Los Angeles","Dallas"
"2009","04","02","07","00","00","1","Boston","Ottawa"
"2009","04","02","07","00","00","1","Carolina","NY Rangers"
"2009","04","02","07","00","00","1","Ny Islanders","Montreal"
"2009","04","02","07","30","00","1","Detroit","St. Louis"
"2009","04","02","08","30","00","1","Dallas","Calgary"
"2009","04","02","09","00","00","1","Edmonton","San Jose"
"2009","04","02","10","00","00","1","Phoenix","Los Angeles"
"2009","04","02","10","00","00","1","Vancouver","Anaheim"
"2009","04","03","07","00","00","1","New Jersey","Tampa Bay"
"2009","04","03","07","00","00","1","Philadelphia","Toronto"
"2009","04","03","07","00","00","1","Washington","Buffalo"
"2009","04","03","07","30","00","1","Florida","Atlanta"
"2009","04","03","08","00","00","1","Minnesota","Calgary"
"2009","04","03","08","30","00","1","Chicago","Nashville"
"2009","04","04","01","00","00","1","Boston","NY Rangers"
"2009","04","04","07","00","00","1","Buffalo","New Jersey"
"2009","04","04","07","00","00","1","Carolina","Pittsburgh"
"2009","04","04","07","00","00","1","Ny Islanders","Tampa Bay"
"2009","04","04","07","00","00","1","Ottawa","Philadelphia"
"2009","04","04","07","00","00","1","Toronto","Montreal"
"2009","04","04","08","00","00","1","Dallas","St. Louis"
"2009","04","04","08","00","00","1","Nashville","Columbus"
"2009","04","04","10","00","00","1","Edmonton","Vancouver"
"2009","04","04","10","00","00","1","San Jose","Anaheim"
"2009","04","04","10","30","00","1","Los Angeles","Phoenix"
"2009","04","05","03","00","00","1","Washington","Atlanta"
"2009","04","05","05","00","00","1","Columbus","Chicago"
"2009","04","05","05","00","00","1","Detroit","Minnesota"
"2009","04","05","05","00","00","1","Florida","Pittsburgh"
"2009","04","05","08","00","00","1","Anaheim","San Jose"
"2009","04","05","10","00","00","1","Vancouver","Colorado"
"2009","04","06","07","00","00","1","Buffalo","Detroit"
"2009","04","06","07","30","00","1","Montreal","Ottawa"
"2009","04","06","09","00","00","1","Calgary","Los Angeles"
"2009","04","07","07","00","00","1","Atlanta","Washington"
"2009","04","07","07","00","00","1","Carolina","NY Islanders"
"2009","04","07","07","00","00","1","New Jersey","Toronto"
"2009","04","07","07","00","00","1","Ny Rangers","Montreal"
"2009","04","07","07","00","00","1","Philadelphia","Florida"
"2009","04","07","07","30","00","1","Ottawa","Boston"
"2009","04","07","07","30","00","1","Tampa Bay","Pittsburgh"
"2009","04","07","08","00","00","1","Minnesota","Dallas"
"2009","04","07","08","00","00","1","Nashville","Chicago"
"2009","04","07","09","00","00","1","Edmonton","Los Angeles"
"2009","04","07","10","00","00","1","Phoenix","St. Louis"
"2009","04","07","10","00","00","1","Vancouver","Calgary"
"2009","04","07","10","30","00","1","San Jose","Colorado"
"2009","04","08","07","30","00","1","Toronto","Buffalo"
"2009","04","08","08","30","00","1","Chicago","Columbus"
"2009","04","09","07","00","00","1","Atlanta","Florida"
"2009","04","09","07","00","00","1","Boston","Montreal"
"2009","04","09","07","00","00","1","Carolina","Buffalo"
"2009","04","09","07","00","00","1","Ny Rangers","Philadelphia"
"2009","04","09","07","30","00","1","Detroit","Nashville"
"2009","04","09","07","30","00","1","Ottawa","New Jersey"
"2009","04","09","07","30","00","1","Pittsburgh","NY Islanders"
"2009","04","09","07","30","00","1","Tampa Bay","Washington"
"2009","04","09","09","00","00","1","Colorado","Dallas"
"2009","04","09","10","00","00","1","Vancouver","Los Angeles"
"2009","04","09","10","30","00","1","San Jose","Phoenix"
"2009","04","01","07","00","00","1","Atlanta","Buffalo"
"2009","04","01","07","00","00","1","Washington","NY Islanders"
"2009","04","01","07","30","00","1","Pittsburgh","New Jersey"
"2009","04","01","07","30","00","1","Toronto","Philadelphia"
"2009","04","01","08","30","00","1","Chicago","St. Louis"
"2009","04","01","09","00","00","1","Colorado","Phoenix"
"2009","04","10","08","00","00","1","Minnesota","Nashville"
"2009","04","10","08","30","00","1","St. Louis","Columbus"
"2009","04","10","09","00","00","1","Edmonton","Calgary"
"2009","04","10","10","00","00","1","Anaheim","Dallas"
"2009","04","11","01","00","00","1","New Jersey","Carolina"
"2009","04","11","02","00","00","1","Ny Islanders","Philadelphia"
"2009","04","11","03","00","00","1","Colorado","Vancouver"
"2009","04","11","03","00","00","1","Detroit","Chicago"
"2009","04","11","04","00","00","1","Buffalo","Boston"
"2009","04","11","04","00","00","1","Los Angeles","San Jose"
"2009","04","11","07","00","00","1","Atlanta","Tampa Bay"
"2009","04","11","07","00","00","1","Columbus","Minnesota"
"2009","04","11","07","00","00","1","Florida","Washington"
"2009","04","11","07","00","00","1","Montreal","Pittsburgh"
"2009","04","11","07","00","00","1","Toronto","Ottawa"
"2009","04","11","08","00","00","1","Phoenix","Anaheim"
"2009","04","11","10","00","00","1","Calgary","Edmonton"
"2009","04","12","03","00","00","1","Colorado","St. Louis"
"2009","04","12","05","00","00","1","Chicago","Detroit"
"2009","04","12","05","00","00","1","Ny Islanders","Boston"
"2009","04","12","05","00","00","1","Philadelphia","NY Rangers"
